{
  "execPath": "/Users/freightlive/.platformio/packages/toolchain-atmelavr/bin/avr-g++",
  "gccDefaultCFlags": "-fsyntax-only -std=gnu11 -fno-fat-lto-objects -g -Os -Wall -ffunction-sections -fdata-sections -flto -mmcu=atmega328p -DF_CPU=16000000L -DPLATFORMIO=30601 -DARDUINO_ARCH_AVR -DARDUINO_AVR_UNO -DARDUINO=10619",
  "gccDefaultCppFlags": "-fsyntax-only -fno-exceptions -fno-threadsafe-statics -fpermissive -std=gnu++11 -g -Os -Wall -ffunction-sections -fdata-sections -flto -mmcu=atmega328p -DF_CPU=16000000L -DPLATFORMIO=30601 -DARDUINO_ARCH_AVR -DARDUINO_AVR_UNO -DARDUINO=10619",
  "gccErrorLimit": 15,
  "gccIncludePaths": "/Users/freightlive/.platformio/packages/framework-arduinoavr/cores/arduino,/Users/freightlive/.platformio/packages/framework-arduinoavr/variants/standard,/Users/freightlive/Dropbox/Arduino/projects/TR82-MIDI-Controller/lib/midi/src,/Users/freightlive/.platformio/packages/framework-arduinoavr/libraries/__cores__/arduino/SPI/src,/Users/freightlive/.platformio/packages/framework-arduinoavr/libraries/__cores__/arduino/EEPROM/src,/Users/freightlive/.platformio/packages/framework-arduinoavr/libraries/__cores__/arduino/HID/src,/Users/freightlive/.platformio/packages/framework-arduinoavr/libraries/__cores__/arduino/SoftwareSerial/src,/Users/freightlive/.platformio/packages/framework-arduinoavr/libraries/__cores__/arduino/Wire/src,/Users/freightlive/.platformio/packages/framework-arduinoavr/libraries/Adafruit_CircuitPlayground,/Users/freightlive/.platformio/packages/framework-arduinoavr/libraries/Adafruit_CircuitPlayground/utility,/Users/freightlive/.platformio/packages/framework-arduinoavr/libraries/Bridge/src,/Users/freightlive/.platformio/packages/framework-arduinoavr/libraries/Esplora/src,/Users/freightlive/.platformio/packages/framework-arduinoavr/libraries/Ethernet/src,/Users/freightlive/.platformio/packages/framework-arduinoavr/libraries/Firmata,/Users/freightlive/.platformio/packages/framework-arduinoavr/libraries/Firmata/utility,/Users/freightlive/.platformio/packages/framework-arduinoavr/libraries/GSM/src,/Users/freightlive/.platformio/packages/framework-arduinoavr/libraries/Keyboard/src,/Users/freightlive/.platformio/packages/framework-arduinoavr/libraries/LiquidCrystal/src,/Users/freightlive/.platformio/packages/framework-arduinoavr/libraries/Mouse/src,/Users/freightlive/.platformio/packages/framework-arduinoavr/libraries/RobotIRremote/src,/Users/freightlive/.platformio/packages/framework-arduinoavr/libraries/Robot_Control/src,/Users/freightlive/.platformio/packages/framework-arduinoavr/libraries/Robot_Motor/src,/Users/freightlive/.platformio/packages/framework-arduinoavr/libraries/SD/src,/Users/freightlive/.platformio/packages/framework-arduinoavr/libraries/Servo/src,/Users/freightlive/.platformio/packages/framework-arduinoavr/libraries/SpacebrewYun/src,/Users/freightlive/.platformio/packages/framework-arduinoavr/libraries/Stepper/src,/Users/freightlive/.platformio/packages/framework-arduinoavr/libraries/TFT/src,/Users/freightlive/.platformio/packages/framework-arduinoavr/libraries/Temboo/src,/Users/freightlive/.platformio/packages/framework-arduinoavr/libraries/WiFi/src,/Users/freightlive/.platformio/packages/toolchain-atmelavr/avr/include,/Users/freightlive/.platformio/packages/toolchain-atmelavr/lib/gcc/avr/4.9.2/include,/Users/freightlive/.platformio/packages/toolchain-atmelavr/lib/gcc/avr/4.9.2/include-fixed,/Users/freightlive/.platformio/packages/tool-unity",
  "gccSuppressWarnings": false
}
